<?xml version="1.0" encoding="UTF-8"?>
<metadata xml:lang="en"><Esri><CreaDate>20190920</CreaDate><CreaTime>17140000</CreaTime><ArcGISFormat>1.0</ArcGISFormat><SyncOnce>TRUE</SyncOnce><DataProperties><lineage><Process ToolSource="c:\program files (x86)\arcgis\desktop10.6\ArcToolbox\Toolboxes\Conversion Tools.tbx\RasterToPolygon" Date="20190920" Time="171400">RasterToPolygon ujjani_raster C:\Users\ljuyoung\Desktop\PUNE_GIS\Watershed\Ujjani_watershed.shp SIMPLIFY VALUE SINGLE_OUTER_PART #</Process></lineage></DataProperties></Esri></metadata>
