<PAMDataset>
  <Metadata>
    <MDI key="PCRASTER_VALUESCALE">VS_SCALAR</MDI>
  </Metadata>
  <PAMRasterBand band="1">
    <Histograms>
      <HistItem>
        <HistMin>0</HistMin>
        <HistMax>5.05913958477322e-05</HistMax>
        <BucketCount>256</BucketCount>
        <IncludeOutOfRange>1</IncludeOutOfRange>
        <Approximate>0</Approximate>
        <HistCounts>26500|0|4545|0|0|61506|0|0|0|0|0|0|0|0|0|0|0|1803|0|0|0|0|0|0|0|0|0|0|0|0|0|0|0|0|0|0|0|0|0|0|0|0|0|0|0|0|0|0|0|0|0|0|0|0|0|0|0|0|0|0|0|0|0|0|0|0|0|0|0|0|886|0|0|0|0|0|0|0|0|0|0|0|0|0|0|0|0|0|0|0|1674|0|0|0|0|0|0|0|3072|0|0|0|897|0|0|0|0|0|8227|0|0|0|0|0|0|0|0|0|0|0|0|0|0|0|0|0|653|0|0|0|0|0|0|0|0|0|0|0|0|0|3830|0|0|0|866|0|0|0|0|0|0|0|0|0|0|0|0|0|0|0|0|1532|0|0|0|0|0|0|0|0|0|0|0|0|0|0|0|0|0|0|0|0|0|0|0|0|0|0|0|0|0|0|0|0|0|0|0|0|0|0|0|0|0|0|0|0|0|0|0|0|0|0|0|0|0|0|0|0|0|0|0|0|0|0|0|0|0|0|0|0|0|0|0|0|0|0|0|0|0|0|0|0|0|0|0|0|0|0|0|0|0|0|0|0|0|1704</HistCounts>
      </HistItem>
    </Histograms>
    <Metadata>
      <MDI key="STATISTICS_COVARIANCES">1.065861857046732e-10</MDI>
      <MDI key="STATISTICS_EXCLUDEDVALUES"></MDI>
      <MDI key="STATISTICS_MAXIMUM">5.0591395847732e-05</MDI>
      <MDI key="STATISTICS_MEAN">5.5313177755689e-06</MDI>
      <MDI key="STATISTICS_MINIMUM">0</MDI>
      <MDI key="STATISTICS_SKIPFACTORX">1</MDI>
      <MDI key="STATISTICS_SKIPFACTORY">1</MDI>
      <MDI key="STATISTICS_STDDEV">1.0324058586848e-05</MDI>
    </Metadata>
  </PAMRasterBand>
</PAMDataset>
