<?xml version="1.0" encoding="UTF-8"?>
<metadata xml:lang="en"><Esri><CreaDate>20190207</CreaDate><CreaTime>11314000</CreaTime><ArcGISFormat>1.0</ArcGISFormat><SyncOnce>TRUE</SyncOnce><DataProperties><lineage><Process ToolSource="c:\program files (x86)\arcgis\desktop10.5\ArcToolbox\Toolboxes\Data Management Tools.tbx\CalculateField" Date="20190207" Time="113140">CalculateField prototype_links_ubb from_ !name!.split('_')[0] PYTHON_9.3 #</Process><Process ToolSource="c:\program files (x86)\arcgis\desktop10.5\ArcToolbox\Toolboxes\Data Management Tools.tbx\CalculateField" Date="20190207" Time="113209">CalculateField prototype_links_ubb end_ !name!.split('_')[1] PYTHON_9.3 #</Process></lineage></DataProperties></Esri></metadata>
