<?xml version="1.0" encoding="UTF-8"?>
<metadata xml:lang="en"><Esri><CreaDate>20190917</CreaDate><CreaTime>15035600</CreaTime><ArcGISFormat>1.0</ArcGISFormat><SyncOnce>TRUE</SyncOnce><DataProperties><lineage><Process ToolSource="c:\program files (x86)\arcgis\desktop10.6\ArcToolbox\Toolboxes\Conversion Tools.tbx\RasterToPolygon" Date="20190917" Time="145946">RasterToPolygon sarati_test C:\Users\ljuyoung\Desktop\PUNE_GIS\Watershed\sarati_test_polygon.shp SIMPLIFY VALUE SINGLE_OUTER_PART #</Process></lineage></DataProperties></Esri></metadata>
